{
    "RepetitionTime": 0.68, 
    "EchoTime1": 0.00519, 
    "EchoTime2": 0.00765, 
    "MagneticFieldStrength": 3, 
    "SliceTiming": [
        0, 
        0.615, 
        1.23, 
        0.44, 
        1.0525, 
        0.2625, 
        0.8775, 
        0.0875, 
        0.7025, 
        1.3175, 
        0.5275, 
        1.1425, 
        0.35, 
        0.965, 
        0.175, 
        0.79, 
        0, 
        0.615, 
        1.23, 
        0.44, 
        1.0525, 
        0.2625, 
        0.8775, 
        0.0875, 
        0.7025, 
        1.3175, 
        0.5275, 
        1.1425, 
        0.35, 
        0.965, 
        0.175, 
        0.79, 
        0, 
        0.615, 
        1.23, 
        0.44, 
        1.0525, 
        0.2625, 
        0.8775, 
        0.0875, 
        0.7025, 
        1.3175, 
        0.5275, 
        1.1425, 
        0.35, 
        0.965, 
        0.175, 
        0.79, 
        0, 
        0.615, 
        1.23, 
        0.44, 
        1.0525, 
        0.2625, 
        0.8775, 
        0.0875, 
        0.7025, 
        1.3175, 
        0.5275, 
        1.1425, 
        0.35, 
        0.965, 
        0.175, 
        0.79
    ], 
    "FlipAngle": 60, 
    "PhaseEncodingDirection": "i-", 
    "ManufacturersModelName": "Verio", 
    "IntendedFor": [
        "ses-02/func/sub-010052_ses-02_task-rest_acq-AP_run-01_bold.nii.gz", 
        "ses-02/func/sub-010052_ses-02_task-rest_acq-PA_run-01_bold.nii.gz"
    ], 
    "ImageType": [
        "ORIGINAL", 
        "PRIMARY", 
        "P", 
        "ND"
    ], 
    "Manufacturer": "Siemens"
}
